Model,Accuracy,AUC,Precision,Recall,F1,MCC
Logistic Regression,0.7951219512195122,0.8770226537216829,0.7563025210084033,0.8737864077669902,0.8108108108108107,0.5972548367142131
Decision Tree,0.9853658536585366,0.9854368932038835,1.0,0.970873786407767,0.9852216748768473,0.9711511393019859
KNN,0.7317073170731707,0.8604606891300209,0.7307692307692307,0.7378640776699029,0.7342995169082126,0.4633983838225689
Naive Bayes,0.8,0.8705501618122977,0.7540983606557377,0.8932038834951457,0.8177777777777777,0.6102237111863777
Random Forest,0.9853658536585366,1.0,1.0,0.970873786407767,0.9852216748768473,0.9711511393019859
XGBoost,0.9853658536585366,0.9894346087949742,1.0,0.970873786407767,0.9852216748768473,0.9711511393019859
